书名,作者,bookId,划线数,想法数,最后阅读,分类,进度,本地文件
诗翁彼豆故事集,【英】J.K.罗琳,25212238,37,4,2026-09-02,童书-儿童文学,60,童书/诗翁彼豆故事集.md
巨婴国 (武志红) (Z-Library),武志红,CB_CJ462w60NAIe6yC6wwGxj1Pw,22,1,2026-09-02,,49,未分类/巨婴国 (武志红) (Z-Library)-CB_CJ462w60NAIe6yC6wwGxj1Pw.md
未来简史：从智人到智神,尤瓦尔·赫拉利,852290,364,37,2026-09-02,社会文化-社科,76,社会文化/未来简史：从智人到智神.md
追忆似水年华（全集）,【法】普鲁斯特,26318970,32,5,2026-09-02,精品小说-社会小说,0,精品小说/追忆似水年华（全集）.md
摩登语言学,公众号,MP_WXS_3077337094,21,0,2026-09-02,,0,公众号/摩登语言学.md
胭脂与焉支,郑张尚芳,CB_11t8UL8SYAlD76775A69PDoQ,18,0,2026-09-02,,0,未分类/胭脂与焉支.md
开国之惑,张鸣,841493,12,1,2026-09-01,历史-历史读物,99,历史/开国之惑.md
翦商：殷周之变与华夏新生,李硕,3300053438,23,10,2026-09-01,历史-中国古代,3,历史/翦商：殷周之变与华夏新生.md
今日简史（精华版）,尤瓦尔·赫拉利,22614287,173,14,2026-09-01,社会文化-社科,0,社会文化/今日简史（精华版）.md
骆玉明精解世说新语（复旦知名教授骆玉明代表作！9分神作修订再版！）,骆玉明,3300143311,22,3,2026-09-01,文学-古典文学,76,文学/骆玉明精解世说新语（复旦知名教授骆玉明代表作！9分神作修订再版！）.md
每天十分钟，学会真正冥想,张长生,3300151748,165,4,2026-09-01,心理-心理学应用,97,心理/每天十分钟，学会真正冥想.md
奇特的一生,【俄罗斯】 达尼伊尔·格拉宁,3300083598,62,14,2026-09-01,人物传记-科学家,9,人物传记/奇特的一生.md
法学教书匠的日常,公众号,MP_WXS_3927666464,18,0,2026-09-01,,0,公众号/法学教书匠的日常.md
研究生论文写作与时间管理,谢立斌,CB_3TmBTGBVhB5k76075A7Gi2mb,47,0,2026-09-01,,99,未分类/研究生论文写作与时间管理-CB_3TmBTGBVhB5k76075A7Gi2mb.md
哈利·波特与被诅咒的孩子（第一部和第二部）,【英】J.K.罗琳 【英】约翰·蒂法尼 【英】杰克·索恩,23736659,99,20,2026-09-01,文学-外国文学,13,文学/哈利·波特与被诅咒的孩子（第一部和第二部）.md
从零开始学法语：超有效法语入门,Clara老师,3300207040,5,0,2026-08-27,教育学习-外语,6,教育学习/从零开始学法语：超有效法语入门.md
路易·波拿巴的雾月十八日,【德】马克思,3300159456,6,2,2026-08-27,历史-世界史,5,历史/路易·波拿巴的雾月十八日.md
突厥历法研究 (路易·巴赞) (Z-Library),（法）路易·巴赞,CB_ABS0j80hLGAO6ya6ww818FDU,1,0,2026-08-27,,0,未分类/突厥历法研究 (路易·巴赞) (Z-Library).md
维特根斯坦传：天才之为责任,瑞·蒙克,932993,9,3,2026-08-27,哲学宗教-哲学读物,0,哲学宗教/维特根斯坦传：天才之为责任.md
大猿取经,公众号,MP_WXS_3939255758,1,0,2026-08-26,,0,公众号/大猿取经.md
研究是一门艺术,韦恩·布斯 格雷戈里·卡洛姆 约瑟夫·威廉姆斯,3300014715,3,0,2026-08-26,社会文化-社科,0,社会文化/研究是一门艺术.md
小王子：新译与注释（中法英三语、作者手绘插图版）,【法】圣埃克苏佩里,3300201056,105,21,2026-08-26,教育学习-外语,30,教育学习/小王子：新译与注释（中法英三语、作者手绘插图版）.md
乡下人的悲歌 2025 修订版,J.D. 万斯,31681515,2,1,2026-08-26,精品小说-社会小说,0,精品小说/乡下人的悲歌 2025 修订版.md
潇湘晨报,公众号,MP_WXS_2940696320,1,0,2026-08-26,,0,公众号/潇湘晨报.md
卢克文工作室,公众号,MP_WXS_3203003417,8,0,2026-08-26,,0,公众号/卢克文工作室.md
刻意练习：如何从新手到大师,【美】安德斯·艾利克森 【英】罗伯特·普尔,843464,28,3,2026-08-26,个人成长-人生哲学,0,个人成长/刻意练习：如何从新手到大师.md
减压生活,金铂,3300070789,16,0,2026-08-25,个人成长-励志成长,0,个人成长/减压生活.md
中国新闻周刊,公众号,MP_WXS_2390553873,3,0,2026-08-25,,0,公众号/中国新闻周刊.md
北京青年报,公众号,MP_WXS_2397526740,3,0,2026-08-25,,0,公众号/北京青年报.md
贝伦与露西恩（插图本）,J.R.R.托尔金,24019338,34,0,2026-08-25,精品小说-玄幻小说,27,精品小说/贝伦与露西恩（插图本）.md
如果我们将在25岁死去（银河奖获奖作品）,【日】砂川雨路,3300131259,3,2,2026-08-25,精品小说-科幻小说,0,精品小说/如果我们将在25岁死去（银河奖获奖作品）.md
哈利波特完整系列（全七册）,【英】J.K.罗琳,834083,2,1,2026-08-25,文学-外国文学,0,文学/哈利波特完整系列（全七册）.md
人民文学出版社,公众号,MP_WXS_2397369312,1,0,2026-08-25,,0,公众号/人民文学出版社.md
野草（人民文学社版）,鲁迅,40509937,4,3,2026-08-25,文学-散文杂著,0,文学/野草（人民文学社版）.md
朝花夕拾,鲁迅,35990194,9,2,2026-08-25,文学-散文杂著,15,文学/朝花夕拾.md
我的大脑敞开了：爱多士的数学之旅（译文纪实）,布鲁斯·谢克特,41611849,5,1,2026-08-25,人物传记-科学家,0,人物传记/我的大脑敞开了：爱多士的数学之旅（译文纪实）.md
存在主义心理治疗,【美】亚隆,3300075248,5,0,2026-08-25,心理-心理学研究,2,心理/存在主义心理治疗.md
全国计算机等级考试模拟考场 二级Python,策未来,3300077388,2,0,2026-08-25,计算机-理论知识,0,计算机/全国计算机等级考试模拟考场 二级Python.md
诗经（果麦经典）,骆玉明解注 细井徇撰绘,931848,2,0,2026-08-25,文学-古代诗词,0,文学/诗经（果麦经典）.md
深度工作：如何有效使用每一点脑力,卡尔·纽波特,909893,46,4,2026-08-25,个人成长-人在职场,71,个人成长/深度工作：如何有效使用每一点脑力.md
社会学,【英】安东尼·吉登斯,3300117694,1,0,2026-08-24,社会文化-社科,0,社会文化/社会学.md
如何高效学习：1年完成麻省理工4年33门课程的整体性学习法,斯科特·扬,573926,1,3,2026-08-24,个人成长-认知思维,0,个人成长/如何高效学习：1年完成麻省理工4年33门课程的整体性学习法.md
研究生论文写作与时间管理,谢立斌,3004247422,0,3,2026-08-24,,,未分类/研究生论文写作与时间管理-3004247422.md
追寻兴奋：文明化过程中的体育与休闲,【德】诺贝特·埃利亚斯   【英】埃里克·邓宁,3300153090,4,0,2026-08-24,生活百科-体育,4,生活百科/追寻兴奋：文明化过程中的体育与休闲.md
复活,列夫·尼古拉耶维奇·托尔斯泰,35239342,3,1,2026-08-24,文学-外国文学,0,文学/复活.md
做研究是有趣的：给学术新人的科研入门笔记,刀熊,3300061099,2,1,2026-08-24,社会文化-社科,0,社会文化/做研究是有趣的：给学术新人的科研入门笔记.md
中国人的人格,胡适,839616,10,0,2026-08-24,社会文化-社科,0,社会文化/中国人的人格.md
操作系统导论,雷姆兹·H.阿帕希杜塞尔 安德莉亚·C.阿帕希杜塞尔,30179184,6,0,2026-08-24,计算机-计算机综合,4,计算机/操作系统导论.md
邓小平时代,傅高义,674048,4,0,2026-08-24,政治军事-政治,0,政治军事/邓小平时代.md
费曼学习法,苗卉,3300198963,17,3,2026-08-17,教育学习-教育,0,教育学习/费曼学习法.md
围炉夜话（全析全译版）,【清】王永彬,3300222288,6,0,2026-08-17,哲学宗教-东方哲学,0,哲学宗教/围炉夜话（全析全译版）.md
作家榜名著：海蒂和爷爷,【瑞士】约翰娜·斯比丽,3300075420,27,4,2026-08-17,童书-儿童文学,0,童书/作家榜名著：海蒂和爷爷.md
他影响了中国：陈云,叶永烈,3300111563,5,3,2026-08-16,人物传记-军政领袖,91,人物传记/他影响了中国：陈云.md
中国人史纲,柏杨,31702237,68,3,2026-08-16,历史-中国古代,100,历史/中国人史纲.md
下载白鹿原201209,陈忠实,CB_6fC4CQ4DK4tT75j75AGX15Uq,6,0,2026-08-15,,45,未分类/下载白鹿原201209.md
一本书读懂30部人文社科经典,郭泽德 宋义平 关佳佳,3300020929,7,1,2026-08-14,教育学习-教育,99,教育学习/一本书读懂30部人文社科经典.md
朱镕基讲话实录（全四卷）,《朱镕基讲话实录》编辑组编,3300033314,1,0,2026-08-14,政治军事-政治,0,政治军事/朱镕基讲话实录（全四卷）.md
你就是答案：活出独一无二的自己,武志红,37651057,145,1,2026-08-13,个人成长-人生哲学,64,个人成长/你就是答案：活出独一无二的自己.md
培根随笔 (译文经典),弗朗西斯·培根(Francis Bacon),CB_0IMDwoDxc4xY75g75A3Fe9Er,6,0,2026-08-13,,0,未分类/培根随笔 (译文经典).md
波兰球Polandball,公众号,MP_WXS_3268160052,1,0,2026-03-08,,0,公众号/波兰球Polandball.md
信仰与德行,公众号,MP_WXS_3598824072,2,0,2026-03-02,,0,公众号/信仰与德行.md
唐诗鉴赏辞典（新一版）,上海辞书出版社文学鉴赏辞典编纂中心,31150467,96,4,2025-12-01,文学-文学鉴赏,61,文学/唐诗鉴赏辞典（新一版）.md
人类大历史 - 从野兽到扮演上帝,尤瓦尔·赫拉利,CB_0xk6gq6fB3GR6zf7159nK3Ur,27,0,2025-11-27,,0,未分类/人类大历史 - 从野兽到扮演上帝.md
新京报书评周刊,公众号,MP_WXS_2395519783,3,0,2025-11-26,,0,公众号/新京报书评周刊.md
强社会与弱国家：第三世界的国家社会关系及国家能力,,CB_H177IH7GS2Ow6zq71526A9Qp,3,0,2025-11-11,,0,未分类/强社会与弱国家：第三世界的国家社会关系及国家能力.md
培根随笔（果麦经典）,培根,850811,3,0,2025-11-07,文学-散文杂著,0,文学/培根随笔（果麦经典）.md
培根随笔全集（译文名著精选）,培根,932103,34,0,2025-11-02,文学-散文杂著,99,文学/培根随笔全集（译文名著精选）.md
培根随笔集,培根,842914,1,0,2025-10-26,文学-散文杂著,88,文学/培根随笔集.md
人类简史：从动物到上帝,尤瓦尔·赫拉利,855812,5,0,2025-10-15,历史-世界史,20,历史/人类简史：从动物到上帝.md
教书琐记：上一节有情有趣有料的语文课,朱林鹏,3300161097,11,0,2025-10-14,教育学习-教育,96,教育学习/教书琐记：上一节有情有趣有料的语文课.md
认知觉醒：伴随一生的学习方法论（青少年学习版）,周岭,3300034560,1,0,2025-10-14,个人成长-认知思维,27,个人成长/认知觉醒：伴随一生的学习方法论（青少年学习版）.md
好好学习：个人知识管理精进指南（升级版）,成甲,3300050528,21,0,2025-09-19,个人成长-认知思维,82,个人成长/好好学习：个人知识管理精进指南（升级版）.md
天真的人类学家,奈吉尔·巴利,35281084,1,0,2025-09-19,科学技术-自然科学,0,科学技术/天真的人类学家.md
童年（人文社·语文阅读推荐丛书）,【苏】高尔基,39451567,9,0,2025-09-19,文学-外国文学,99,文学/童年（人文社·语文阅读推荐丛书）.md
白鹿原,陈忠实,34631906,24,4,2025-09-17,精品小说-社会小说,38,精品小说/白鹿原-34631906.md
白鹿原,陈忠实,CB_EML06j060GAO6ya6wwFVNA5U,3,0,2025-09-12,,50,未分类/白鹿原-CB_EML06j060GAO6ya6wwFVNA5U.md
被讨厌的勇气：“自我启发之父”阿德勒的哲学课,岸见一郎 古贺史健,25615385,109,17,2025-09-09,心理-积极心理学,58,心理/被讨厌的勇气：“自我启发之父”阿德勒的哲学课.md
瓦尔登湖,【美】亨利·戴维·梭罗,3300155433,0,1,2025-09-06,文学-散文杂著,0,文学/瓦尔登湖.md
社会学与生活（精要插图第11版）理查德·谢弗,（美）理查德·谢弗著,CB_9eI8qk8qv9N46yQ6wwEHX8WT,1,0,2025-09-05,,2,未分类/社会学与生活（精要插图第11版）理查德·谢弗.md
曼昆经济学原理 (N.格里高利·曼昆) (Z-Library),N.格里高利·曼昆,CB_9O6ABeABR9ZR6yP6ww9rZ4xU,6,0,2025-09-05,,1,未分类/曼昆经济学原理 (N.格里高利·曼昆) (Z-Library).md
冯军旗-中县干部（215页全）,微软用户,CB_Bq3AExAFY9ZR6yP6ww3HkFQK,25,0,2025-09-05,,0,未分类/冯军旗-中县干部（215页全）.md
中县干部 (冯军旗) (Z-Library),,CB_FYdA1vA319ZR6yP6ww8VK6e1,1,0,2025-09-04,,0,未分类/中县干部 (冯军旗) (Z-Library).md
几何原本,欧几里得,25515176,107,3,2025-09-02,科学技术-自然科学,3,科学技术/几何原本.md
美国大城市的死与生（60周年致敬版）,【加】简·雅各布斯,32908875,10,0,2025-09-02,科学技术-建筑,0,科学技术/美国大城市的死与生（60周年致敬版）.md
认知觉醒：开启自我改变的原动力,周岭,33628204,123,13,2025-08-31,心理-认知与行为,19,心理/认知觉醒：开启自我改变的原动力.md
中国近代史,蒋廷黻,909531,7,1,2025-08-31,历史-中国近现代,77,历史/中国近代史.md
中国文化史导论,钱穆,3300071247,1,0,2025-08-30,历史-中国古代,0,历史/中国文化史导论.md
帝国的惆怅,易中天,510890,1,0,2025-08-30,历史-历史读物,0,历史/帝国的惆怅.md
社会学的想象力,【美】C.赖特·米尔斯,26346703,3,0,2025-08-30,社会文化-社科,0,社会文化/社会学的想象力.md
万古江河：中国历史文化的转折与开展,许倬云,26314563,22,0,2025-08-30,社会文化-文化,22,社会文化/万古江河：中国历史文化的转折与开展.md
战时笔记（1914—1917）（维特根斯坦文集·第1卷）,维特根斯坦,33209812,3,1,2025-08-30,哲学宗教-哲学著作,6,哲学宗教/战时笔记（1914—1917）（维特根斯坦文集·第1卷）.md
大卫·科波菲尔（世界文学名著名译典藏）,【英】狄更斯,25409286,5,0,2025-08-30,文学-外国文学,0,文学/大卫·科波菲尔（世界文学名著名译典藏）.md
命若琴弦（轻经典）,史铁生,3300137237,7,2,2025-08-30,精品小说-社会小说,96,精品小说/命若琴弦（轻经典）.md
我不怕迷茫彷徨，只怕虚度这好时光,许政芳,25695452,1,0,2025-08-30,文学-散文杂著,0,文学/我不怕迷茫彷徨，只怕虚度这好时光.md
东京梦华录（果麦经典）,【宋】孟元老著 侯印国译注,38625596,2,0,2025-08-30,历史-历史文化,0,历史/东京梦华录（果麦经典）.md
古兰经注,伊本·凯西尔,40667963,2,0,2025-08-30,哲学宗教-宗教,0,哲学宗教/古兰经注.md
古文观止译注,【清】吴楚材 【清】吴调侯编选 李梦生等译注,31580171,5,0,2025-08-30,文学-古典文学,0,文学/古文观止译注.md
世说新语,【南朝宋】刘义庆著 【南朝梁】刘孝标注 徐传武校点,31580155,1,0,2025-08-30,文学-古典文学,0,文学/世说新语.md
陈瓘词全集,全宋词,3300105862,8,0,2025-08-30,文学-古代诗词,88,文学/陈瓘词全集.md
认知驱动：做成一件对他人很有用的事,周岭,40649986,65,2,2025-08-30,心理-认知与行为,11,心理/认知驱动：做成一件对他人很有用的事.md
把时间当作朋友（第4版）,李笑来,3300069022,10,1,2025-08-30,个人成长-人生哲学,19,个人成长/把时间当作朋友（第4版）.md
中国文化与中国的兵（雷海宗文集）,雷海宗,909527,8,0,2025-08-30,社会文化-文化,89,社会文化/中国文化与中国的兵（雷海宗文集）.md
暗淡蓝点：探寻人类的太空家园,【美】卡尔·萨根,3300118948,2,0,2025-08-29,科学技术-科学科普,0,科学技术/暗淡蓝点：探寻人类的太空家园.md
《资本论》的读法,杨照,3300043860,27,0,2025-08-28,政治军事-政治,51,政治军事/《资本论》的读法.md
国史大纲（全2册）,钱穆,23523074,4,0,2025-08-28,历史-中国古代,0,历史/国史大纲（全2册）.md
这才是心理学（第11版，中文版）,基思·斯坦诺维奇　著,3300014115,25,0,2025-08-28,心理-心理学研究,37,心理/这才是心理学（第11版，中文版）.md
语言学的邀请 (赛谬尔-早川) (Z-Library),wonder,CB_5Kw60E60NAIe6yC6ww9De0o9,50,1,2025-08-28,,57,未分类/语言学的邀请 (赛谬尔-早川) (Z-Library).md
编码：隐匿在计算机软硬件背后的语言,查尔斯.佩措尔德,33381009,7,0,2025-08-28,计算机-编程设计,0,计算机/编码：隐匿在计算机软硬件背后的语言.md
习近平谈治国理政(第一卷),习近平,25078329,3,0,2025-08-28,政治军事-政治,0,政治军事/习近平谈治国理政(第一卷).md
文化苦旅,余秋雨,600142,21,1,2025-08-28,文学-散文杂著,98,文学/文化苦旅.md
贫穷的本质：我们为什么摆脱不了贫穷（修订版）,【美】阿比吉特·班纳吉 【法】埃斯特·迪弗洛,24275985,6,0,2025-08-28,经济理财-财经,79,经济理财/贫穷的本质：我们为什么摆脱不了贫穷（修订版）.md
时间简史（第一推动丛书·宇宙系列）,史蒂芬·霍金,694735,24,2,2025-08-28,科学技术-科学科普,12,科学技术/时间简史（第一推动丛书·宇宙系列）.md
哈利·波特百科全书（哈迷必备的“新华字典”全新典藏版）,李爽,33044280,3,0,2025-08-28,文学-外国文学,0,文学/哈利·波特百科全书（哈迷必备的“新华字典”全新典藏版）.md
计算机网络,谢希仁编著,655484,2,0,2025-08-27,计算机-计算机综合,0,计算机/计算机网络.md
月子：当五个女孩成为妈妈,姚佳黛,3300098412,5,2,2025-08-27,精品小说-女性小说,1,精品小说/月子：当五个女孩成为妈妈.md
楚辞（中英对照）,许渊冲,23875002,3,0,2025-08-27,文学-古代诗词,0,文学/楚辞（中英对照）.md
宋词鉴赏辞典（新一版）（套装共2册）,上海辞书出版社文学鉴赏辞典编纂中心,3300029509,5,0,2025-08-27,文学-文学鉴赏,90,文学/宋词鉴赏辞典（新一版）（套装共2册）.md
中国古代文学批评方法研究（精）--中华学术·有道,张伯伟,3300068796,2,0,2025-08-27,文学-文学鉴赏,0,文学/中国古代文学批评方法研究（精）--中华学术·有道.md
《飞鸟集》汉译七言诗,张湘平,3300066506,9,0,2025-08-27,文学-外国文学,0,文学/《飞鸟集》汉译七言诗.md
中国社会中的宗教 宗教的现代社会功能及其历史因素之研究_ (Z-Library),,CB_2U7B4lB6pAMn6yD6ww2q71GS,2,0,2025-08-26,,0,未分类/中国社会中的宗教 宗教的现代社会功能及其历史因素之研究_ (Z-Library).md
汤姆·索亚历险记（经典译林）,马克·吐温,856138,1,0,2025-08-26,文学-世界名著,0,文学/汤姆·索亚历险记（经典译林）.md
动物庄园（奥威尔作品集）,乔治·奥威尔,641029,1,0,2025-08-26,文学-外国文学,0,文学/动物庄园（奥威尔作品集）.md
苏东坡传（纪念典藏版）,林语堂,841820,2,0,2025-08-26,人物传记-文学家,0,人物传记/苏东坡传（纪念典藏版）.md
富爸爸穷爸爸,罗伯特·清崎,23601930,14,1,2025-08-24,经济理财-理财,24,经济理财/富爸爸穷爸爸.md
Harry Potter： The Complete Collection (1-7）,J.K. Rowling,834436,17,17,2025-08-24,文学-外国文学,34,文学/Harry Potter： The Complete Collection (1-7）.md
The Lord of the Rings Boxed Set 魔戒三部曲（英文版）,【英】 J.R.R.托尔金,3300152201,1,1,2025-08-24,教育学习-外语,0,教育学习/The Lord of the Rings Boxed Set 魔戒三部曲（英文版）.md
梦的解析：最佳译本,【奥】弗洛伊德,926608,69,6,2025-08-23,心理-心理学应用,25,心理/梦的解析：最佳译本.md
只是为了好玩,Linus Torvalds,CB_97e51m2kIAV14ls6xF5ai4Js,4,0,2025-08-22,,0,未分类/只是为了好玩.md
谷物大脑,戴维·珀尔马特 克里斯廷·洛伯格,622081,2,0,2025-08-21,医学健康-健康,0,医学健康/谷物大脑.md
雨夜短文,余秋雨,26132378,2,0,2025-08-21,文学-散文杂著,3,文学/雨夜短文.md
巨婴国 (武志红) (Z-Library),,CB_BAv5Rp5P29dG6y66wwCjB036,1,0,2025-08-21,,0,未分类/巨婴国 (武志红) (Z-Library)-CB_BAv5Rp5P29dG6y66wwCjB036.md
亡友鲁迅印象记,许寿裳,582306,33,0,2025-08-21,人物传记-文学家,69,人物传记/亡友鲁迅印象记.md
巨婴国 (武志红) (Z-Library),,CB_ABS3OI3Lb9dG6y66ww2Jq8Lk,2,0,2025-08-21,,0,未分类/巨婴国 (武志红) (Z-Library)-CB_ABS3OI3Lb9dG6y66ww2Jq8Lk.md
人月神话(二十周年纪念版),弗雷德里克·布鲁克斯,CB_0IMC0U1iLBQb5E66xM7Vh1RX,5,0,2025-08-21,,2,未分类/人月神话(二十周年纪念版).md
全国计算机等级考试上机考试题库 二级Python,策未来,3300084232,26,0,2025-08-21,计算机-理论知识,0,计算机/全国计算机等级考试上机考试题库 二级Python.md
LaTeX入门,刘海洋,3300055357,1,0,2025-08-21,科学技术-工业技术,11,科学技术/LaTeX入门.md
吾国与吾民,林语堂,38505377,1,1,2025-08-21,文学-散文杂著,0,文学/吾国与吾民.md
名著好看在哪里,一只萧包子,3300118734,11,0,2025-08-21,文学-文学鉴赏,69,文学/名著好看在哪里.md
理论好用吗,,CB_7n95at5bN1oD6s16sbCJEBhW,7,1,2025-08-21,,100,未分类/理论好用吗.md
钱穆_国史大纲_简体中文版,,CB_ANp3G13DJ9dG6y66wwEZm78h,1,0,2025-08-21,,0,未分类/钱穆_国史大纲_简体中文版.md
吾家小史,余秋雨,26452378,3,0,2025-08-21,文学-经典作品,56,文学/吾家小史.md
魔戒：三部曲,【英】J. R. R. 托尔金,3300091884,23,0,2025-08-19,精品小说-玄幻小说,40,精品小说/魔戒：三部曲.md
床，沙发，我的人生,罗曼·莫内里,3300071185,4,0,2025-07-20,精品小说-治愈小说,1,精品小说/床，沙发，我的人生.md
魔戒三部曲（魔戒之战200年前的故事《指环王：洛汗之战》12.14上映）,J.R.R.托尔金,567379,71,0,2025-05-21,精品小说-玄幻小说,73,精品小说/魔戒三部曲（魔戒之战200年前的故事《指环王：洛汗之战》12.14上映）.md
水浒传（人民文学版）,【明】施耐庵,29855986,2,0,2025-05-19,文学-古典文学,0,文学/水浒传（人民文学版）.md
金瓶梅（别名：金瓶梅词话）,【明】兰陵笑笑生,3300126034,1,0,2025-05-19,文学-古典文学,0,文学/金瓶梅（别名：金瓶梅词话）.md
倦怠社会,韩炳哲,25731054,124,1,2025-05-15,社会文化-社科,99,社会文化/倦怠社会.md
霍乱时期的爱情,【哥】加西亚•马尔克斯,26441414,1,0,2025-05-10,文学-外国文学,9,文学/霍乱时期的爱情.md
洋务自强,张鸣,26452505,0,0,2024-10-29,历史-中国近现代,96,历史/洋务自强.md
三体全集（全三册）,刘慈欣,695233,3,0,2024-09-04,精品小说-科幻小说,7,精品小说/三体全集（全三册）.md